"id";"theme";"ticket_price";"date_from";"date_to";"img";"description"
1;"THEME1";20;"2020-02-01";"2020-03-01";"/resources/img/1.jpg";" description description description description description description description description description description description description description description description description description description"
2;"THEME2";15;"2020-02-02";"2020-03-02";"/resources/img/2.jpg";" description description description description description description description description description description description description description description description description description description"
3;"THEME3";10;"2020-02-02";"2020-03-02";"/resources/img/3.jpg";" description description description description description description description description description description description description description description description description description description"
4;"THEME4";20;"2020-02-03";"2020-03-03";"/resources/img/4.jpg";" description description description description description description description description description description description description description description description description description description"
5;"THEME5";15;"2020-02-03";"2020-03-03";"/resources/img/5.jpg";" description description description description description description description description description description description description description description description description description description"
6;"THEME6";20;"2020-02-04";"2020-03-04";"/resources/img/6.jpg";" description description description description description description description description description description description description description description description description description description"
7;"THEME7";15;"2020-02-04";"2020-03-04";"/resources/img/7.jpg";" description description description description description description description description description description description description description description description description description description"
8;"THEME8";10;"2020-02-01";"2020-03-01";"/resources/img/8.jpg";" description description description description description description description description description description description description description description description description description description"
9;"THEME9";10;"2020-02-05";"2020-03-05";"/resources/img/9.jpg";" description description description description description description description description description description description description description description description description description description"
10;"THEME10";15;"2020-02-05";"2020-03-05";"/resources/img/10.jpg";" description description description description description description description description description description description description description description description description description description"
